date,string
2025-02-02,7SEASL
2025-02-02,A1L
2025-02-02,AARON
2025-02-02,AARTIPHARM
2025-02-02,AAVAS
2025-02-02,AAYUSHBULL
2025-02-02,ABBOTINDIA
2025-02-02,ABDL
2025-02-02,ACESOFT
2025-02-02,AFCONS
2025-02-02,AFFLE
2025-02-02,AGARIND
2025-02-02,AGIIL
2025-02-02,AIAENG
2025-02-02,AIIL
2025-02-02,AIRTELPP
2025-02-02,AKCAPIT
2025-02-02,AKZOINDIA
2025-02-02,ALFREDHE
2025-02-02,ALIVUS
2025-02-02,ALLDIGI
2025-02-02,ALPA
2025-02-02,ALUFLUOR
2025-02-02,AMBER
2025-02-02,AMNPLST
2025-02-02,APLAPOLLO
2025-02-02,APOLLO
2025-02-02,APOLLOHOSP
2025-02-02,AQFINTECH
2025-02-02,ARCL
2025-02-02,ARIHANT
2025-02-02,ARIHANTSUP
2025-02-02,ARKADE
2025-02-02,ARMANFIN
2025-02-02,ARTEMISMED
2025-02-02,ARTSONEN
2025-02-02,ARYAMAN
2025-02-02,ASEPP
2025-02-02,ASHIKA
2025-02-02,ASKAUTOLTD
2025-02-02,ASPINWALL
2025-02-02,ASTERDM
2025-02-02,ASTRAZEN
2025-02-02,ATALREAL
2025-02-02,ATISHAY
2025-02-02,AUBANK
2025-02-02,AVANTIFEED
2025-02-02,AVL
2025-02-02,AVONMORE
2025-02-02,AVROIND
2025-02-02,AVTNPL
2025-02-02,AXISCADES
2025-02-02,BAJAJ-AUTO
2025-02-02,BAJAJFINSV
2025-02-02,BAJAJHLDNG
2025-02-02,BAJAJST
2025-02-02,BAJFINANCE
2025-02-02,BALKRISIND
2025-02-02,BANARISUG
2025-02-02,BANKINDIA
2025-02-02,BCCFUBA
2025-02-02,BCCL
2025-02-02,BEL
2025-02-02,BEMHY
2025-02-02,BENARAS
2025-02-02,BHARTIARTL
2025-02-02,BHARTIHEXA
2025-02-02,BHILSPIN
2025-02-02,BIRET
2025-02-02,BLS
2025-02-02,BLUESTARCO
2025-02-02,BNALTD
2025-02-02,BRIGHTBR
2025-02-02,BRITANNIA
2025-02-02,BROOKS
2025-02-02,BRRL
2025-02-02,BSE
2025-02-02,CANDOUR
2025-02-02,CANTABIL
2025-02-02,CAPITALSFB
2025-02-02,CARRARO
2025-02-02,CEATLTD
2025-02-02,CEINSYSTECH
2025-02-02,CENTURYPLY
2025-02-02,CHAMBLFERT
2025-02-02,CHATHA
2025-02-02,CHOICEIN
2025-02-02,CHOLAHLDNG
2025-02-02,CIPLA
2025-02-02,CLEDUCATE
2025-02-02,CLN
2025-02-02,CNINFOTECH
2025-02-02,CNOVAPETRO
2025-02-02,COFORGE
2025-02-02,COROMANDEL
2025-02-02,CPL
2025-02-02,CTCL
2025-02-02,DABUR
2025-02-02,DALBHARAT
2025-02-02,DAVANGERE
2025-02-02,DBEIL
2025-02-02,DCMSHRIRAM
2025-02-02,DDEVPLSTIK
2025-02-02,DEEPINDS
2025-02-02,DENTA
2025-02-02,DHABRIYA
2025-02-02,DHRUV
2025-02-02,DIKSAT
2025-02-02,DIVISLAB
2025-02-02,DODLA
2025-02-02,DOMS
2025-02-02,DPABHUSHAN
2025-02-02,DRREDDY
2025-02-02,DYNAMATECH
2025-02-02,ECLERX
2025-02-02,ECOPLAST
2025-02-02,EICHERMOT
2025-02-02,EIDPARRY
2025-02-02,EKANSH
2025-02-02,ELNET
2025-02-02,EMBDL
2025-02-02,ENERGYINF
2025-02-02,ENKEIWHEL
2025-02-02,ENTERO
2025-02-02,EQUITASBNK
2025-02-02,ESPIRE
2025-02-02,EUREKAFORB
2025-02-02,FAIRCHEMOR
2025-02-02,FEDERALBNK
2025-02-02,FERMENTA
2025-02-02,FISCHER
2025-02-02,FORTIS
2025-02-02,FSL
2025-02-02,GALLANTT
2025-02-02,GANDHITUBE
2025-02-02,GANESHHOUC
2025-02-02,GARFIBRES
2025-02-02,GARGI
2025-02-02,GARUDA
2025-02-02,GCSL
2025-02-02,GEECEE
2025-02-02,GENESYS
2025-02-02,GHCL
2025-02-02,GILLETTE
2025-02-02,GLOBALVECT
2025-02-02,GODREJAGRO
2025-02-02,GOKULAGRO
2025-02-02,GOLDIAM
2025-02-02,GRASIM
2025-02-02,GRAUWEIL
2025-02-02,GREAVESCOT
2025-02-02,GREENLAM
2025-02-02,GSFC
2025-02-02,GTECJAINX
2025-02-02,GUFICBIO
2025-02-02,GUJAPOLLO
2025-02-02,GUJHOTE
2025-02-02,HAPPYFORGE
2025-02-02,HAWKINCOOK
2025-02-02,HAZOOR
2025-02-02,HCG
2025-02-02,HCLTECH
2025-02-02,HDFCAMC
2025-02-02,HDFCBANK
2025-02-02,HDFCLIFE
2025-02-02,HEUBACHIND
2025-02-02,HINDMOTORS
2025-02-02,HINDOILEXP
2025-02-02,HINDUNILVR
2025-02-02,HISARMETAL
2025-02-02,HYUNDAI
2025-02-02,ICICIBANK
2025-02-02,ICICIGI
2025-02-02,ICRA
2025-02-02,IDBI
2025-02-02,IITL
2025-02-02,INDGN
2025-02-02,INDIAGLYCO
2025-02-02,INDIANB
2025-02-02,INDIGO
2025-02-02,INDIGRID
2025-02-02,INDOKEM
2025-02-02,INDOTHAI
2025-02-02,INDRAMEDCO
2025-02-02,INDUSINVIT
2025-02-02,INERTIAST
2025-02-02,INFY
2025-02-02,INNOVANA
2025-02-02,INTERARCH
2025-02-02,IPCALAB
2025-02-02,ISEC
2025-02-02,ITC
2025-02-02,ITDCEM
2025-02-02,JAYSYNTH
2025-02-02,JBCHEPHARM
2025-02-02,JENBURPH
2025-02-02,JINDRILL
2025-02-02,JINDWORLD
2025-02-02,JISLDVREQS
2025-02-02,JKCEMENT
2025-02-02,JKLAKSHMI
2025-02-02,JSWHL
2025-02-02,JSWSTEEL
2025-02-02,JUBLFOOD
2025-02-02,KAKA
2025-02-02,KARURVYSYA
2025-02-02,KERALAYUR
2025-02-02,KHAZANCHI
2025-02-02,KIMS
2025-02-02,KINETICENG
2025-02-02,KIRIINDUS
2025-02-02,KOTAKBANK
2025-02-02,KOVAI
2025-02-02,KRN
2025-02-02,KSCL
2025-02-02,LAURUSLABS
2025-02-02,LAXMIDENTL
2025-02-02,LEHAR
2025-02-02,LEMONTREE
2025-02-02,LGBBROSLTD
2025-02-02,LKPFIN
2025-02-02,LLOYDSENGG
2025-02-02,LLOYDSENT
2025-02-02,LLOYDSME
2025-02-02,LMW
2025-02-02,LOGICA
2025-02-02,LT
2025-02-02,LTF
2025-02-02,LTFOODS
2025-02-02,LTTS
2025-02-02,LUCENT
2025-02-02,LUMAXTECH
2025-02-02,LUPIN
2025-02-02,M&M
2025-02-02,M&MFIN
2025-02-02,MAAGHADV
2025-02-02,MADHUVEER
2025-02-02,MAGNAELQ
2025-02-02,MAJESAUT
2025-02-02,MALLCOM
2025-02-02,MANAKCOAT
2025-02-02,MANAPPURAM
2025-02-02,MANCREDIT
2025-02-02,MANGCHEFER
2025-02-02,MANKIND
2025-02-02,MANORAMA
2025-02-02,MARUTI
2025-02-02,MAXHEALTH
2025-02-02,MAZDOCK
2025-02-02,MCPL
2025-02-02,MCX
2025-02-02,MEDIASSIST
2025-02-02,METROBRAND
2025-02-02,MFSL
2025-02-02,MIIL
2025-02-02,MINDACORP
2025-02-02,MINDSPACE
2025-02-02,MONARCH
2025-02-02,MPSLTD
2025-02-02,MRP
2025-02-02,MUKESHB
2025-02-02,MUTHOOTFIN
2025-02-02,M_M
2025-02-02,M_MFIN
2025-02-02,NAUKRI
2025-02-02,NAVINFLUOR
2025-02-02,NAVKARURB
2025-02-02,NBL
2025-02-02,NEOGEN
2025-02-02,NESCO
2025-02-02,NESTLEIND
2025-02-02,NH
2025-02-02,NHIT
2025-02-02,NIITMTS
2025-02-02,NIRLON
2025-02-02,NITINSPIN
2025-02-02,NXST
2025-02-02,ONGC
2025-02-02,ORICONENT
2025-02-02,ORIENTCEM
2025-02-02,PAGEIND
2025-02-02,PANACHE
2025-02-02,PANAMAPET
2025-02-02,PARADEEP
2025-02-02,PATANJALI
2025-02-02,PERSISTENT
2025-02-02,PETRONET
2025-02-02,PGHL
2025-02-02,PHARMAID
2025-02-02,PHOENIXLTD
2025-02-02,PIDILITIND
2025-02-02,POKARNA
2025-02-02,PQIF
2025-02-02,PRADPME
2025-02-02,PRECAM
2025-02-02,PREVEST
2025-02-02,PRICOLLTD
2025-02-02,PTCIL
2025-02-02,QUADFUTURE
2025-02-02,RADICO
2025-02-02,RAINBOW
2025-02-02,RAJESH
2025-02-02,RAJGASES
2025-02-02,RBLBANK
2025-02-02,RCAN
2025-02-02,RDBRIL
2025-02-02,REDINGTON
2025-02-02,RELIANCE
2025-02-02,RHETAN
2025-02-02,RITCO
2025-02-02,RMC
2025-02-02,RPGLIFE
2025-02-02,RTFL
2025-02-02,RVTH
2025-02-02,SAFARI
2025-02-02,SAFE
2025-02-02,SAGILITY
2025-02-02,SAHLIBHFI
2025-02-02,SAILIFE
2025-02-02,SANATHAN
2025-02-02,SANJIVIN
2025-02-02,SANOFICONR
2025-02-02,SARDAEN
2025-02-02,SASKEN
2025-02-02,SAVERA
2025-02-02,SBFC
2025-02-02,SBGLP
2025-02-02,SBIN
2025-02-02,SEML
2025-02-02,SENORES
2025-02-02,SGRL
2025-02-02,SHAILY
2025-02-02,SHETR
2025-02-02,SHINDL
2025-02-02,SHINEFASH
2025-02-02,SHIVATEX
2025-02-02,SHPLPUNE
2025-02-02,SHRADDHA
2025-02-02,SHREECEM
2025-02-02,SHUKRAPHAR
2025-02-02,SHYAMMETL
2025-02-02,SIYARAM
2025-02-02,SOLARINDS
2025-02-02,SOUTHBANK
2025-02-02,SPIC
2025-02-02,SRF
2025-02-02,SRGHFL
2025-02-02,SRM
2025-02-02,SRSOLTD
2025-02-02,STAR
2025-02-02,STARCEMENT
2025-02-02,STEELCAS
2025-02-02,STYRENIX
2025-02-02,SUBROS
2025-02-02,SUDARSCHEM
2025-02-02,SUMICHEM
2025-02-02,SUNDARMFIN
2025-02-02,SUNITATOOL
2025-02-02,SUNPHARMA
2025-02-02,SUPRIYA
2025-02-02,SUVENPHAR
2025-02-02,SVRL
2025-02-02,SWARAJENG
2025-02-02,S_SPOWER
2025-02-02,TAALENT
2025-02-02,TAJGVK
2025-02-02,TATACONSUM
2025-02-02,TCI
2025-02-02,TCLCONS
2025-02-02,TCPLPACK
2025-02-02,TCS
2025-02-02,TECHM
2025-02-02,THIRDFIN
2025-02-02,THOMASCOTT
2025-02-02,TI
2025-02-02,TIMESGTY
2025-02-02,TITAN
2025-02-02,TORNTPHARM
2025-02-02,TRISHAKT
2025-02-02,TRITONV
2025-02-02,TVSMOTOR
2025-02-02,UCIL
2025-02-02,ULTRACEMCO
2025-02-02,ULTRAMAR
2025-02-02,UNIENTER
2025-02-02,UNIMECH
2025-02-02,UNITDSPR
2025-02-02,UPHOT
2025-02-02,UPLPP
2025-02-02,URAVIDEF
2025-02-02,V2RETAIL
2025-02-02,VADILALIND
2025-02-02,VADILENT
2025-02-02,VARDMNPOLY
2025-02-02,VBL
2025-02-02,VEDL
2025-02-02,VENKEYS
2025-02-02,VENTIVE
2025-02-02,VHLTD
2025-02-02,VIDHIING
2025-02-02,VIJAYA
2025-02-02,VIKRAMTH
2025-02-02,VIMTALABS
2025-02-02,VINCOFE
2025-02-02,VSTTILLERS
2025-02-02,WEL
2025-02-02,WELCORP
2025-02-02,WELENT
2025-02-02,WELINV
2025-02-02,WINDLAS
2025-02-02,WINSOMTX
2025-02-02,WIPRO
2025-02-02,WPIL
2025-02-02,YOGI
2025-02-02,ZMILGFIN
2025-02-02,ZYDUSLIFE
